id;name;address
1;name - 1;address - 1
2;name - 2;address - 2
3;name - 3;address - 3
5;name - 5;address - 5
7;name - 7;address - 7
8;name - 8;address - 8
9;name - 9;address - 9
11;name - 11;address - 11
12;name - 12;address - 12
13;name - 13;address - 13
14;name - 14;address - 14
15;name - 15;address - 15
16;name - 16;address - 16
17;name - 17;address - 17
18;name - 18;address - 18
19;name - 19;address - 19
20;name - 20;address - 20
21;name - 21;address - 21
22;name - 22;address - 22
23;name - 23;address - 23
24;name - 24;address - 24
25;name - 25;address - 25
26;name - 26;address - 26
27;name - 27;address - 27
28;name - 28;address - 28
29;name - 29;address - 29
30;name - 30;address - 30
31;name - 31;address - 31
32;name - 32;address - 32
33;name - 33;address - 33
34;name - 34;address - 34
35;name - 35;address - 35
36;name - 36;address - 36
37;name - 37;address - 37
38;name - 38;address - 38
39;name - 39;address - 39
40;name - 40;address - 40
41;name - 41;address - 41
42;name - 42;address - 42
43;name - 43;address - 43
44;name - 44;address - 44
45;name - 45;address - 45
46;name - 46;address - 46
47;name - 47;address - 47
48;name - 48;address - 48
49;name - 49;address - 49
50;name - 50;address - 50
51;name - 51;address - 51
52;name - 52;address - 52
53;name - 53;address - 53
54;name - 54;address - 54
55;name - 55;address - 55
56;name - 56;address - 56
57;name - 57;address - 57
58;name - 58;address - 58
59;name - 59;address - 59
60;name - 60;address - 60
61;name - 61;address - 61
62;name - 62;address - 62
63;name - 63;address - 63
64;name - 64;address - 64
65;name - 65;address - 65
66;name - 66;address - 66
67;name - 67;address - 67
68;name - 68;address - 68
69;name - 69;address - 69
70;name - 70;address - 70
71;name - 71;address - 71
72;name - 72;address - 72
73;name - 73;address - 73
74;name - 74;address - 74
75;name - 75;address - 75
76;name - 76;address - 76
77;name - 77;address - 77
78;name - 78;address - 78
79;name - 79;address - 79
80;name - 80;address - 80
81;name - 81;address - 81
82;name - 82;address - 82
83;name - 83;address - 83
84;name - 84;address - 84
85;name - 85;address - 85
86;name - 86;address - 86
87;name - 87;address - 87
88;name - 88;address - 88
89;name - 89;address - 89
90;name - 90;address - 90
91;name - 91;address - 91
92;name - 92;address - 92
93;name - 93;address - 93
94;name - 94;address - 94
95;name - 95;address - 95
96;name - 96;address - 96
97;name - 97;address - 97
98;name - 98;address - 98
99;name - 99;address - 99
100;name - 100;address - 100
101;name - 101;address - 101
102;name - 102;address - 102
103;name - 103;address - 103
104;name - 104;address - 104
105;name - 105;address - 105
106;name - 106;address - 106
107;name - 107;address - 107
108;name - 108;address - 108
109;name - 109;address - 109
110;name - 110;address - 110
111;name - 111;address - 111
112;name - 112;address - 112
113;name - 113;address - 113
114;name - 114;address - 114





























